Leader,Follower,Lag,Lagged_Corr
NVDA,MSFT,1,0.1387
NVDA,MSFT,2,-0.0023
NVDA,MSFT,3,-0.0494
NVDA,MSFT,4,-0.0434
NVDA,MSFT,5,0.0393
NVDA,GOOGL,1,-0.0158
NVDA,GOOGL,2,-0.0745
NVDA,GOOGL,3,0.0423
NVDA,GOOGL,4,0.0032
NVDA,GOOGL,5,0.049
NVDA,META,1,-0.0004
NVDA,META,2,-0.0797
NVDA,META,3,-0.1384
NVDA,META,4,-0.0643
NVDA,META,5,0.0546
NVDA,AMZN,1,-0.0405
NVDA,AMZN,2,0.0341
NVDA,AMZN,3,0.0158
NVDA,AMZN,4,0.0215
NVDA,AMZN,5,0.1067
NVDA,CRM,1,0.074
NVDA,CRM,2,0.0304
NVDA,CRM,3,0.0167
NVDA,CRM,4,-0.0604
NVDA,CRM,5,0.0194
NVDA,PLTR,1,0.0074
NVDA,PLTR,2,-0.0704
NVDA,PLTR,3,-0.0413
NVDA,PLTR,4,-0.0235
NVDA,PLTR,5,-0.0304
NVDA,AI,1,-0.0841
NVDA,AI,2,0.013
NVDA,AI,3,-0.0953
NVDA,AI,4,-0.0173
NVDA,AI,5,-0.0011
NVDA,SNOW,1,0.0929
NVDA,SNOW,2,0.0022
NVDA,SNOW,3,0.0033
NVDA,SNOW,4,-0.0922
NVDA,SNOW,5,-0.0061
NVDA,IBM,1,0.0243
NVDA,IBM,2,0.0271
NVDA,IBM,3,-0.1088
NVDA,IBM,4,-0.0623
NVDA,IBM,5,0.0119
NVDA,SMCI,1,-0.0207
NVDA,SMCI,2,0.0241
NVDA,SMCI,3,-0.0499
NVDA,SMCI,4,-0.0911
NVDA,SMCI,5,-0.0002
NVDA,ORCL,1,0.0466
NVDA,ORCL,2,-0.0029
NVDA,ORCL,3,-0.1093
NVDA,ORCL,4,-0.0155
NVDA,ORCL,5,0.0425
NVDA,AMD,1,-0.0912
NVDA,AMD,2,0.1399
NVDA,AMD,3,-0.0465
NVDA,AMD,4,-0.0549
NVDA,AMD,5,0.0579
NVDA,INTC,1,-0.1531
NVDA,INTC,2,0.0493
NVDA,INTC,3,-0.0128
NVDA,INTC,4,-0.0376
NVDA,INTC,5,0.06
NVDA,TSM,1,-0.1506
NVDA,TSM,2,0.0618
NVDA,TSM,3,-0.047
NVDA,TSM,4,-0.0953
NVDA,TSM,5,0.0158
NVDA,AVGO,1,-0.0554
NVDA,AVGO,2,0.0269
NVDA,AVGO,3,0.0004
NVDA,AVGO,4,-0.1462
NVDA,AVGO,5,-0.0327
NVDA,QCOM,1,-0.0444
NVDA,QCOM,2,0.1786
NVDA,QCOM,3,0.0642
NVDA,QCOM,4,-0.0086
NVDA,QCOM,5,-0.0851
NVDA,TXN,1,-0.0689
NVDA,TXN,2,0.084
NVDA,TXN,3,0.0558
NVDA,TXN,4,0.0197
NVDA,TXN,5,0.0202
NVDA,MU,1,-0.1043
NVDA,MU,2,0.0873
NVDA,MU,3,0.0462
NVDA,MU,4,-0.106
NVDA,MU,5,0.0321
NVDA,MRVL,1,-0.1308
NVDA,MRVL,2,0.0697
NVDA,MRVL,3,-0.046
NVDA,MRVL,4,-0.0125
NVDA,MRVL,5,-0.0544
NVDA,ARM,1,-0.1428
NVDA,ARM,2,-0.0012
NVDA,ARM,3,-0.0764
NVDA,ARM,4,-0.0718
NVDA,ARM,5,0.0696
NVDA,ASML,1,-0.1788
NVDA,ASML,2,-0.0001
NVDA,ASML,3,-0.0238
NVDA,ASML,4,-0.137
NVDA,ASML,5,0.0151
MSFT,NVDA,1,-0.0648
MSFT,NVDA,2,0.1223
MSFT,NVDA,3,0.0605
MSFT,NVDA,4,0.0129
MSFT,NVDA,5,0.0357
MSFT,GOOGL,1,0.0486
MSFT,GOOGL,2,0.0101
MSFT,GOOGL,3,0.033
MSFT,GOOGL,4,0.0412
MSFT,GOOGL,5,0.0019
MSFT,META,1,0.0666
MSFT,META,2,0.0059
MSFT,META,3,-0.0104
MSFT,META,4,0.0306
MSFT,META,5,0.0266
MSFT,AMZN,1,-0.011
MSFT,AMZN,2,-0.0423
MSFT,AMZN,3,0.0995
MSFT,AMZN,4,0.0506
MSFT,AMZN,5,0.1576
MSFT,CRM,1,-0.0378
MSFT,CRM,2,-0.0668
MSFT,CRM,3,0.1874
MSFT,CRM,4,-0.0366
MSFT,CRM,5,0.0178
MSFT,PLTR,1,0.0472
MSFT,PLTR,2,-0.0473
MSFT,PLTR,3,-0.0169
MSFT,PLTR,4,0.1611
MSFT,PLTR,5,0.061
MSFT,AI,1,-0.0801
MSFT,AI,2,0.0502
MSFT,AI,3,0.0382
MSFT,AI,4,-0.0087
MSFT,AI,5,-0.0311
MSFT,SNOW,1,0.0484
MSFT,SNOW,2,-0.0255
MSFT,SNOW,3,0.1104
MSFT,SNOW,4,0.0355
MSFT,SNOW,5,-0.0031
MSFT,IBM,1,0.0314
MSFT,IBM,2,-0.0107
MSFT,IBM,3,0.0172
MSFT,IBM,4,0.1114
MSFT,IBM,5,-0.056
MSFT,SMCI,1,-0.0444
MSFT,SMCI,2,0.0446
MSFT,SMCI,3,0.0002
MSFT,SMCI,4,-0.2162
MSFT,SMCI,5,0.0966
MSFT,ORCL,1,0.0496
MSFT,ORCL,2,0.0141
MSFT,ORCL,3,0.0035
MSFT,ORCL,4,0.0517
MSFT,ORCL,5,0.0807
MSFT,AMD,1,0.0311
MSFT,AMD,2,0.1282
MSFT,AMD,3,0.039
MSFT,AMD,4,-0.0097
MSFT,AMD,5,0.0752
MSFT,INTC,1,-0.0591
MSFT,INTC,2,0.131
MSFT,INTC,3,0.0739
MSFT,INTC,4,-0.1298
MSFT,INTC,5,0.0666
MSFT,TSM,1,-0.0959
MSFT,TSM,2,0.0075
MSFT,TSM,3,0.0209
MSFT,TSM,4,-0.0216
MSFT,TSM,5,0.0183
MSFT,AVGO,1,-0.0429
MSFT,AVGO,2,0.1332
MSFT,AVGO,3,-0.0005
MSFT,AVGO,4,-0.0582
MSFT,AVGO,5,0.0668
MSFT,QCOM,1,-0.0804
MSFT,QCOM,2,0.1774
MSFT,QCOM,3,0.0549
MSFT,QCOM,4,-0.0998
MSFT,QCOM,5,0.0572
MSFT,TXN,1,0.0964
MSFT,TXN,2,0.0721
MSFT,TXN,3,0.0478
MSFT,TXN,4,-0.0318
MSFT,TXN,5,0.0289
MSFT,MU,1,0.0882
MSFT,MU,2,0.0454
MSFT,MU,3,0.0275
MSFT,MU,4,-0.066
MSFT,MU,5,0.0382
MSFT,MRVL,1,-0.0064
MSFT,MRVL,2,0.0915
MSFT,MRVL,3,0.0829
MSFT,MRVL,4,-0.0239
MSFT,MRVL,5,-0.0196
MSFT,ARM,1,-0.1122
MSFT,ARM,2,0.0265
MSFT,ARM,3,-0.0
MSFT,ARM,4,-0.1328
MSFT,ARM,5,0.0503
MSFT,ASML,1,-0.0783
MSFT,ASML,2,0.0572
MSFT,ASML,3,0.0243
MSFT,ASML,4,-0.0719
MSFT,ASML,5,0.028
GOOGL,NVDA,1,-0.0211
GOOGL,NVDA,2,0.0001
GOOGL,NVDA,3,-0.0508
GOOGL,NVDA,4,0.0092
GOOGL,NVDA,5,-0.0132
GOOGL,MSFT,1,0.0041
GOOGL,MSFT,2,0.0326
GOOGL,MSFT,3,-0.026
GOOGL,MSFT,4,0.0571
GOOGL,MSFT,5,-0.0282
GOOGL,META,1,0.0019
GOOGL,META,2,0.0381
GOOGL,META,3,-0.0764
GOOGL,META,4,-0.0039
GOOGL,META,5,0.0005
GOOGL,AMZN,1,0.1307
GOOGL,AMZN,2,0.1006
GOOGL,AMZN,3,-0.01
GOOGL,AMZN,4,0.0492
GOOGL,AMZN,5,0.0115
GOOGL,CRM,1,-0.0434
GOOGL,CRM,2,0.0352
GOOGL,CRM,3,0.0232
GOOGL,CRM,4,-0.032
GOOGL,CRM,5,-0.0056
GOOGL,PLTR,1,0.0303
GOOGL,PLTR,2,-0.0297
GOOGL,PLTR,3,-0.0281
GOOGL,PLTR,4,0.0142
GOOGL,PLTR,5,0.0264
GOOGL,AI,1,-0.036
GOOGL,AI,2,0.0626
GOOGL,AI,3,-0.0803
GOOGL,AI,4,0.0016
GOOGL,AI,5,0.009
GOOGL,SNOW,1,-0.0024
GOOGL,SNOW,2,-0.0724
GOOGL,SNOW,3,-0.0044
GOOGL,SNOW,4,0.0834
GOOGL,SNOW,5,0.1024
GOOGL,IBM,1,-0.0063
GOOGL,IBM,2,0.0435
GOOGL,IBM,3,0.0417
GOOGL,IBM,4,0.0373
GOOGL,IBM,5,0.039
GOOGL,SMCI,1,0.0085
GOOGL,SMCI,2,0.0403
GOOGL,SMCI,3,-0.0329
GOOGL,SMCI,4,0.1375
GOOGL,SMCI,5,-0.0173
GOOGL,ORCL,1,0.041
GOOGL,ORCL,2,0.0134
GOOGL,ORCL,3,0.0224
GOOGL,ORCL,4,0.0688
GOOGL,ORCL,5,0.2191
GOOGL,AMD,1,-0.043
GOOGL,AMD,2,0.0091
GOOGL,AMD,3,-0.0115
GOOGL,AMD,4,0.0885
GOOGL,AMD,5,-0.0057
GOOGL,INTC,1,-0.0029
GOOGL,INTC,2,0.0916
GOOGL,INTC,3,0.0695
GOOGL,INTC,4,0.0411
GOOGL,INTC,5,0.0561
GOOGL,TSM,1,-0.0406
GOOGL,TSM,2,0.0661
GOOGL,TSM,3,-0.0362
GOOGL,TSM,4,0.0333
GOOGL,TSM,5,0.0027
GOOGL,AVGO,1,0.051
GOOGL,AVGO,2,0.0637
GOOGL,AVGO,3,0.1017
GOOGL,AVGO,4,-0.0291
GOOGL,AVGO,5,0.0646
GOOGL,QCOM,1,-0.0094
GOOGL,QCOM,2,0.0234
GOOGL,QCOM,3,0.1318
GOOGL,QCOM,4,-0.0082
GOOGL,QCOM,5,0.0731
GOOGL,TXN,1,-0.0172
GOOGL,TXN,2,-0.0224
GOOGL,TXN,3,-0.0395
GOOGL,TXN,4,0.0719
GOOGL,TXN,5,0.0455
GOOGL,MU,1,-0.0075
GOOGL,MU,2,0.0952
GOOGL,MU,3,0.0732
GOOGL,MU,4,0.0398
GOOGL,MU,5,0.02
GOOGL,MRVL,1,-0.0349
GOOGL,MRVL,2,-0.03
GOOGL,MRVL,3,0.0253
GOOGL,MRVL,4,0.0065
GOOGL,MRVL,5,-0.017
GOOGL,ARM,1,-0.0924
GOOGL,ARM,2,-0.1343
GOOGL,ARM,3,-0.027
GOOGL,ARM,4,0.0681
GOOGL,ARM,5,0.0149
GOOGL,ASML,1,-0.0364
GOOGL,ASML,2,-0.0157
GOOGL,ASML,3,0.0782
GOOGL,ASML,4,0.0687
GOOGL,ASML,5,-0.0073
META,NVDA,1,0.0221
META,NVDA,2,0.0459
META,NVDA,3,0.0009
META,NVDA,4,0.0155
META,NVDA,5,-0.0031
META,MSFT,1,0.0837
META,MSFT,2,0.0775
META,MSFT,3,-0.0319
META,MSFT,4,0.0862
META,MSFT,5,-0.0581
META,GOOGL,1,0.0004
META,GOOGL,2,0.0527
META,GOOGL,3,0.0036
META,GOOGL,4,-0.0263
META,GOOGL,5,0.0397
META,AMZN,1,-0.135
META,AMZN,2,-0.0092
META,AMZN,3,0.0688
META,AMZN,4,0.0921
META,AMZN,5,0.0797
META,CRM,1,-0.0284
META,CRM,2,0.0065
META,CRM,3,0.0464
META,CRM,4,0.0709
META,CRM,5,0.0025
META,PLTR,1,-0.0729
META,PLTR,2,0.0231
META,PLTR,3,0.2062
META,PLTR,4,0.0164
META,PLTR,5,-0.0137
META,AI,1,-0.1225
META,AI,2,0.0768
META,AI,3,0.0158
META,AI,4,0.0366
META,AI,5,-0.0705
META,SNOW,1,-0.0726
META,SNOW,2,-0.0146
META,SNOW,3,0.0428
META,SNOW,4,0.0251
META,SNOW,5,-0.0754
META,IBM,1,-0.0002
META,IBM,2,0.0737
META,IBM,3,-0.0382
META,IBM,4,0.0345
META,IBM,5,0.0621
META,SMCI,1,-0.0011
META,SMCI,2,0.0604
META,SMCI,3,0.0149
META,SMCI,4,-0.0892
META,SMCI,5,0.0743
META,ORCL,1,0.0064
META,ORCL,2,0.0486
META,ORCL,3,0.036
META,ORCL,4,0.043
META,ORCL,5,0.0078
META,AMD,1,-0.0807
META,AMD,2,0.1444
META,AMD,3,-0.0288
META,AMD,4,-0.2126
META,AMD,5,0.0953
META,INTC,1,-0.1194
META,INTC,2,0.1809
META,INTC,3,-0.0041
META,INTC,4,-0.0838
META,INTC,5,0.0611
META,TSM,1,-0.0921
META,TSM,2,0.0611
META,TSM,3,-0.0408
META,TSM,4,-0.0176
META,TSM,5,0.1197
META,AVGO,1,0.0647
META,AVGO,2,0.1043
META,AVGO,3,-0.0287
META,AVGO,4,0.0068
META,AVGO,5,0.0895
META,QCOM,1,-0.0182
META,QCOM,2,0.1037
META,QCOM,3,-0.0092
META,QCOM,4,0.0291
META,QCOM,5,-0.0438
META,TXN,1,-0.005
META,TXN,2,0.0814
META,TXN,3,0.0192
META,TXN,4,0.0865
META,TXN,5,0.0943
META,MU,1,-0.0125
META,MU,2,0.0699
META,MU,3,-0.013
META,MU,4,-0.0569
META,MU,5,0.0446
META,MRVL,1,-0.068
META,MRVL,2,0.1513
META,MRVL,3,-0.0502
META,MRVL,4,-0.035
META,MRVL,5,-0.0294
META,ARM,1,-0.0878
META,ARM,2,0.0168
META,ARM,3,-0.0734
META,ARM,4,-0.0732
META,ARM,5,0.1252
META,ASML,1,-0.0047
META,ASML,2,0.0414
META,ASML,3,-0.0352
META,ASML,4,-0.0549
META,ASML,5,0.103
AMZN,NVDA,1,-0.0419
AMZN,NVDA,2,-0.0293
AMZN,NVDA,3,0.0072
AMZN,NVDA,4,0.0359
AMZN,NVDA,5,0.0131
AMZN,MSFT,1,-0.0062
AMZN,MSFT,2,0.0229
AMZN,MSFT,3,-0.007
AMZN,MSFT,4,0.0693
AMZN,MSFT,5,0.0521
AMZN,GOOGL,1,-0.0012
AMZN,GOOGL,2,0.009
AMZN,GOOGL,3,0.0629
AMZN,GOOGL,4,0.0398
AMZN,GOOGL,5,-0.0015
AMZN,META,1,-0.0801
AMZN,META,2,-0.017
AMZN,META,3,-0.0357
AMZN,META,4,0.0257
AMZN,META,5,0.0309
AMZN,CRM,1,-0.0548
AMZN,CRM,2,0.0514
AMZN,CRM,3,0.0182
AMZN,CRM,4,-0.0344
AMZN,CRM,5,0.0562
AMZN,PLTR,1,-0.0384
AMZN,PLTR,2,-0.1394
AMZN,PLTR,3,-0.0321
AMZN,PLTR,4,0.0247
AMZN,PLTR,5,0.0762
AMZN,AI,1,-0.1483
AMZN,AI,2,0.0213
AMZN,AI,3,-0.0648
AMZN,AI,4,0.0668
AMZN,AI,5,0.0582
AMZN,SNOW,1,-0.0686
AMZN,SNOW,2,-0.0497
AMZN,SNOW,3,-0.0237
AMZN,SNOW,4,0.0955
AMZN,SNOW,5,0.0234
AMZN,IBM,1,-0.0625
AMZN,IBM,2,0.0648
AMZN,IBM,3,0.0064
AMZN,IBM,4,0.1359
AMZN,IBM,5,0.0395
AMZN,SMCI,1,-0.0273
AMZN,SMCI,2,0.068
AMZN,SMCI,3,-0.0073
AMZN,SMCI,4,0.0206
AMZN,SMCI,5,0.0469
AMZN,ORCL,1,-0.0292
AMZN,ORCL,2,0.0621
AMZN,ORCL,3,0.0172
AMZN,ORCL,4,0.1738
AMZN,ORCL,5,0.0926
AMZN,AMD,1,-0.0708
AMZN,AMD,2,0.0632
AMZN,AMD,3,0.0286
AMZN,AMD,4,-0.0063
AMZN,AMD,5,0.1186
AMZN,INTC,1,-0.0783
AMZN,INTC,2,0.0964
AMZN,INTC,3,0.0786
AMZN,INTC,4,0.017
AMZN,INTC,5,0.0549
AMZN,TSM,1,-0.0972
AMZN,TSM,2,-0.0222
AMZN,TSM,3,-0.0593
AMZN,TSM,4,0.0035
AMZN,TSM,5,0.0075
AMZN,AVGO,1,0.0036
AMZN,AVGO,2,-0.0052
AMZN,AVGO,3,-0.0233
AMZN,AVGO,4,0.0654
AMZN,AVGO,5,0.0317
AMZN,QCOM,1,-0.0338
AMZN,QCOM,2,0.0717
AMZN,QCOM,3,0.0286
AMZN,QCOM,4,0.0551
AMZN,QCOM,5,0.016
AMZN,TXN,1,0.0388
AMZN,TXN,2,-0.0151
AMZN,TXN,3,-0.0092
AMZN,TXN,4,0.0338
AMZN,TXN,5,0.0547
AMZN,MU,1,0.0341
AMZN,MU,2,-0.0168
AMZN,MU,3,0.0861
AMZN,MU,4,-0.0221
AMZN,MU,5,-0.0546
AMZN,MRVL,1,-0.1185
AMZN,MRVL,2,0.0888
AMZN,MRVL,3,0.0339
AMZN,MRVL,4,0.0118
AMZN,MRVL,5,-0.0678
AMZN,ARM,1,-0.1228
AMZN,ARM,2,-0.0292
AMZN,ARM,3,-0.0526
AMZN,ARM,4,0.0282
AMZN,ARM,5,-0.0297
AMZN,ASML,1,-0.0815
AMZN,ASML,2,-0.035
AMZN,ASML,3,-0.0075
AMZN,ASML,4,0.0106
AMZN,ASML,5,-0.0076
CRM,NVDA,1,-0.0281
CRM,NVDA,2,-0.0523
CRM,NVDA,3,0.0048
CRM,NVDA,4,-0.0047
CRM,NVDA,5,0.0345
CRM,MSFT,1,0.0154
CRM,MSFT,2,0.0865
CRM,MSFT,3,-0.085
CRM,MSFT,4,-0.0173
CRM,MSFT,5,-0.0657
CRM,GOOGL,1,0.0031
CRM,GOOGL,2,0.0438
CRM,GOOGL,3,0.0128
CRM,GOOGL,4,0.0713
CRM,GOOGL,5,-0.1146
CRM,META,1,-0.0209
CRM,META,2,0.001
CRM,META,3,-0.0248
CRM,META,4,-0.0066
CRM,META,5,-0.0329
CRM,AMZN,1,0.0695
CRM,AMZN,2,-0.026
CRM,AMZN,3,0.0653
CRM,AMZN,4,-0.0164
CRM,AMZN,5,0.0249
CRM,PLTR,1,0.0871
CRM,PLTR,2,-0.0343
CRM,PLTR,3,-0.0259
CRM,PLTR,4,-0.0028
CRM,PLTR,5,0.0352
CRM,AI,1,-0.1542
CRM,AI,2,0.0996
CRM,AI,3,-0.0666
CRM,AI,4,-0.0123
CRM,AI,5,-0.0075
CRM,SNOW,1,0.003
CRM,SNOW,2,-0.0213
CRM,SNOW,3,-0.0709
CRM,SNOW,4,0.0254
CRM,SNOW,5,0.0424
CRM,IBM,1,0.0068
CRM,IBM,2,-0.0053
CRM,IBM,3,-0.0203
CRM,IBM,4,0.1262
CRM,IBM,5,-0.0751
CRM,SMCI,1,-0.0586
CRM,SMCI,2,0.0047
CRM,SMCI,3,0.0034
CRM,SMCI,4,-0.1115
CRM,SMCI,5,0.0639
CRM,ORCL,1,0.0056
CRM,ORCL,2,0.0161
CRM,ORCL,3,0.1024
CRM,ORCL,4,-0.1193
CRM,ORCL,5,0.0393
CRM,AMD,1,-0.0129
CRM,AMD,2,0.0617
CRM,AMD,3,0.0726
CRM,AMD,4,-0.0432
CRM,AMD,5,-0.0242
CRM,INTC,1,-0.2068
CRM,INTC,2,0.058
CRM,INTC,3,-0.0367
CRM,INTC,4,0.0113
CRM,INTC,5,0.0962
CRM,TSM,1,-0.0373
CRM,TSM,2,-0.0003
CRM,TSM,3,0.0431
CRM,TSM,4,-0.0111
CRM,TSM,5,-0.0465
CRM,AVGO,1,-0.054
CRM,AVGO,2,0.0298
CRM,AVGO,3,0.025
CRM,AVGO,4,-0.0273
CRM,AVGO,5,0.0196
CRM,QCOM,1,-0.1004
CRM,QCOM,2,0.1438
CRM,QCOM,3,0.0011
CRM,QCOM,4,0.0517
CRM,QCOM,5,-0.0308
CRM,TXN,1,-0.0148
CRM,TXN,2,0.0581
CRM,TXN,3,0.0374
CRM,TXN,4,-0.0203
CRM,TXN,5,-0.042
CRM,MU,1,0.04
CRM,MU,2,-0.0301
CRM,MU,3,0.0031
CRM,MU,4,0.044
CRM,MU,5,0.0222
CRM,MRVL,1,0.05
CRM,MRVL,2,-0.076
CRM,MRVL,3,0.0785
CRM,MRVL,4,-0.0318
CRM,MRVL,5,-0.0707
CRM,ARM,1,-0.1505
CRM,ARM,2,0.0202
CRM,ARM,3,0.0707
CRM,ARM,4,-0.0781
CRM,ARM,5,-0.0604
CRM,ASML,1,-0.0718
CRM,ASML,2,-0.0277
CRM,ASML,3,0.0251
CRM,ASML,4,0.0036
CRM,ASML,5,-0.005
PLTR,NVDA,1,-0.0253
PLTR,NVDA,2,0.0084
PLTR,NVDA,3,0.0081
PLTR,NVDA,4,-0.074
PLTR,NVDA,5,0.0006
PLTR,MSFT,1,0.1098
PLTR,MSFT,2,-0.0139
PLTR,MSFT,3,-0.0518
PLTR,MSFT,4,0.0003
PLTR,MSFT,5,-0.0168
PLTR,GOOGL,1,-0.0402
PLTR,GOOGL,2,-0.0639
PLTR,GOOGL,3,-0.0735
PLTR,GOOGL,4,-0.074
PLTR,GOOGL,5,0.0308
PLTR,META,1,-0.1016
PLTR,META,2,0.0023
PLTR,META,3,-0.1051
PLTR,META,4,-0.0347
PLTR,META,5,0.0414
PLTR,AMZN,1,0.0339
PLTR,AMZN,2,0.0304
PLTR,AMZN,3,-0.0938
PLTR,AMZN,4,-0.0466
PLTR,AMZN,5,0.1034
PLTR,CRM,1,0.0461
PLTR,CRM,2,-0.0355
PLTR,CRM,3,-0.0116
PLTR,CRM,4,-0.0107
PLTR,CRM,5,0.0788
PLTR,AI,1,-0.066
PLTR,AI,2,-0.0465
PLTR,AI,3,-0.0142
PLTR,AI,4,-0.0679
PLTR,AI,5,-0.0293
PLTR,SNOW,1,0.0363
PLTR,SNOW,2,-0.1044
PLTR,SNOW,3,-0.0959
PLTR,SNOW,4,0.0052
PLTR,SNOW,5,0.0665
PLTR,IBM,1,-0.0283
PLTR,IBM,2,-0.0193
PLTR,IBM,3,-0.0618
PLTR,IBM,4,0.0214
PLTR,IBM,5,-0.0032
PLTR,SMCI,1,-0.032
PLTR,SMCI,2,0.0076
PLTR,SMCI,3,-0.0442
PLTR,SMCI,4,-0.0593
PLTR,SMCI,5,-0.0181
PLTR,ORCL,1,0.046
PLTR,ORCL,2,-0.024
PLTR,ORCL,3,-0.1007
PLTR,ORCL,4,0.0406
PLTR,ORCL,5,0.01
PLTR,AMD,1,-0.1221
PLTR,AMD,2,0.075
PLTR,AMD,3,-0.0029
PLTR,AMD,4,-0.0034
PLTR,AMD,5,0.0968
PLTR,INTC,1,-0.1102
PLTR,INTC,2,0.0459
PLTR,INTC,3,-0.0428
PLTR,INTC,4,-0.0199
PLTR,INTC,5,0.0737
PLTR,TSM,1,-0.1546
PLTR,TSM,2,0.0608
PLTR,TSM,3,-0.0222
PLTR,TSM,4,-0.0787
PLTR,TSM,5,0.0149
PLTR,AVGO,1,-0.0222
PLTR,AVGO,2,0.0253
PLTR,AVGO,3,-0.0065
PLTR,AVGO,4,-0.0732
PLTR,AVGO,5,-0.0318
PLTR,QCOM,1,-0.0357
PLTR,QCOM,2,0.0593
PLTR,QCOM,3,-0.0544
PLTR,QCOM,4,-0.0934
PLTR,QCOM,5,0.0695
PLTR,TXN,1,-0.008
PLTR,TXN,2,0.0478
PLTR,TXN,3,-0.0265
PLTR,TXN,4,-0.1129
PLTR,TXN,5,0.0029
PLTR,MU,1,-0.0682
PLTR,MU,2,0.0387
PLTR,MU,3,0.0341
PLTR,MU,4,-0.084
PLTR,MU,5,0.0139
PLTR,MRVL,1,-0.1095
PLTR,MRVL,2,0.0687
PLTR,MRVL,3,0.0241
PLTR,MRVL,4,-0.0051
PLTR,MRVL,5,0.0408
PLTR,ARM,1,-0.1216
PLTR,ARM,2,0.0648
PLTR,ARM,3,-0.0103
PLTR,ARM,4,-0.0985
PLTR,ARM,5,0.0863
PLTR,ASML,1,-0.1445
PLTR,ASML,2,-0.029
PLTR,ASML,3,-0.0063
PLTR,ASML,4,-0.0345
PLTR,ASML,5,0.0282
AI,NVDA,1,-0.0054
AI,NVDA,2,-0.0057
AI,NVDA,3,0.0714
AI,NVDA,4,-0.0208
AI,NVDA,5,-0.0247
AI,MSFT,1,0.0528
AI,MSFT,2,0.0716
AI,MSFT,3,-0.1155
AI,MSFT,4,0.0567
AI,MSFT,5,-0.0317
AI,GOOGL,1,0.0055
AI,GOOGL,2,0.0032
AI,GOOGL,3,-0.0481
AI,GOOGL,4,0.0137
AI,GOOGL,5,-0.0431
AI,META,1,0.0499
AI,META,2,0.0213
AI,META,3,-0.0852
AI,META,4,0.0068
AI,META,5,0.0055
AI,AMZN,1,0.0905
AI,AMZN,2,0.003
AI,AMZN,3,-0.0745
AI,AMZN,4,0.0213
AI,AMZN,5,0.0081
AI,CRM,1,-0.0237
AI,CRM,2,0.0212
AI,CRM,3,0.0149
AI,CRM,4,-0.0173
AI,CRM,5,0.0511
AI,PLTR,1,0.0588
AI,PLTR,2,-0.0638
AI,PLTR,3,0.0262
AI,PLTR,4,-0.0101
AI,PLTR,5,-0.0648
AI,SNOW,1,-0.0324
AI,SNOW,2,0.0354
AI,SNOW,3,-0.0025
AI,SNOW,4,0.0312
AI,SNOW,5,-0.007
AI,IBM,1,0.0391
AI,IBM,2,0.0666
AI,IBM,3,-0.0944
AI,IBM,4,0.0279
AI,IBM,5,-0.0868
AI,SMCI,1,-0.0667
AI,SMCI,2,0.0382
AI,SMCI,3,0.0072
AI,SMCI,4,0.007
AI,SMCI,5,0.0108
AI,ORCL,1,0.0547
AI,ORCL,2,0.0042
AI,ORCL,3,0.0282
AI,ORCL,4,-0.0791
AI,ORCL,5,0.0296
AI,AMD,1,0.0025
AI,AMD,2,0.0531
AI,AMD,3,0.1436
AI,AMD,4,0.0009
AI,AMD,5,0.024
AI,INTC,1,-0.0894
AI,INTC,2,0.034
AI,INTC,3,0.0707
AI,INTC,4,-0.0224
AI,INTC,5,0.0833
AI,TSM,1,-0.093
AI,TSM,2,0.0752
AI,TSM,3,0.0616
AI,TSM,4,-0.0044
AI,TSM,5,-0.0031
AI,AVGO,1,-0.012
AI,AVGO,2,0.0745
AI,AVGO,3,0.0627
AI,AVGO,4,-0.0623
AI,AVGO,5,-0.0297
AI,QCOM,1,-0.0964
AI,QCOM,2,0.1147
AI,QCOM,3,0.0499
AI,QCOM,4,0.0336
AI,QCOM,5,0.0369
AI,TXN,1,-0.0896
AI,TXN,2,0.0492
AI,TXN,3,0.094
AI,TXN,4,-0.0036
AI,TXN,5,0.017
AI,MU,1,-0.0556
AI,MU,2,0.0178
AI,MU,3,0.1364
AI,MU,4,-0.0407
AI,MU,5,0.0859
AI,MRVL,1,-0.0508
AI,MRVL,2,0.0058
AI,MRVL,3,0.122
AI,MRVL,4,0.0782
AI,MRVL,5,-0.0731
AI,ARM,1,-0.0879
AI,ARM,2,0.0241
AI,ARM,3,0.0469
AI,ARM,4,-0.0844
AI,ARM,5,0.0484
AI,ASML,1,-0.0788
AI,ASML,2,0.0015
AI,ASML,3,0.1056
AI,ASML,4,-0.0283
AI,ASML,5,0.0659
SNOW,NVDA,1,-0.0737
SNOW,NVDA,2,-0.0013
SNOW,NVDA,3,0.0287
SNOW,NVDA,4,0.0333
SNOW,NVDA,5,-0.0647
SNOW,MSFT,1,-0.0269
SNOW,MSFT,2,0.0212
SNOW,MSFT,3,-0.0688
SNOW,MSFT,4,0.0436
SNOW,MSFT,5,-0.1044
SNOW,GOOGL,1,-0.1007
SNOW,GOOGL,2,0.0078
SNOW,GOOGL,3,0.1199
SNOW,GOOGL,4,0.0213
SNOW,GOOGL,5,-0.0185
SNOW,META,1,-0.0439
SNOW,META,2,0.0107
SNOW,META,3,-0.0351
SNOW,META,4,0.0488
SNOW,META,5,-0.0656
SNOW,AMZN,1,0.001
SNOW,AMZN,2,-0.0091
SNOW,AMZN,3,0.0008
SNOW,AMZN,4,0.0913
SNOW,AMZN,5,0.0438
SNOW,CRM,1,-0.0819
SNOW,CRM,2,-0.0031
SNOW,CRM,3,0.0377
SNOW,CRM,4,-0.1119
SNOW,CRM,5,0.0933
SNOW,PLTR,1,0.0206
SNOW,PLTR,2,-0.0678
SNOW,PLTR,3,-0.0897
SNOW,PLTR,4,0.0237
SNOW,PLTR,5,0.0344
SNOW,AI,1,-0.09
SNOW,AI,2,0.0398
SNOW,AI,3,-0.0913
SNOW,AI,4,0.0184
SNOW,AI,5,0.0027
SNOW,IBM,1,-0.0004
SNOW,IBM,2,-0.1167
SNOW,IBM,3,-0.0536
SNOW,IBM,4,0.0666
SNOW,IBM,5,-0.0469
SNOW,SMCI,1,-0.1192
SNOW,SMCI,2,-0.026
SNOW,SMCI,3,0.0057
SNOW,SMCI,4,-0.0512
SNOW,SMCI,5,-0.0298
SNOW,ORCL,1,-0.0536
SNOW,ORCL,2,-0.0337
SNOW,ORCL,3,0.033
SNOW,ORCL,4,-0.0711
SNOW,ORCL,5,0.0567
SNOW,AMD,1,-0.0409
SNOW,AMD,2,0.0977
SNOW,AMD,3,0.0231
SNOW,AMD,4,-0.0126
SNOW,AMD,5,-0.0621
SNOW,INTC,1,-0.1242
SNOW,INTC,2,0.0118
SNOW,INTC,3,0.0003
SNOW,INTC,4,-0.0218
SNOW,INTC,5,-0.0223
SNOW,TSM,1,-0.2053
SNOW,TSM,2,-0.0133
SNOW,TSM,3,0.0313
SNOW,TSM,4,-0.001
SNOW,TSM,5,-0.0218
SNOW,AVGO,1,-0.124
SNOW,AVGO,2,-0.0323
SNOW,AVGO,3,0.0371
SNOW,AVGO,4,-0.0638
SNOW,AVGO,5,0.089
SNOW,QCOM,1,-0.0347
SNOW,QCOM,2,0.129
SNOW,QCOM,3,-0.0042
SNOW,QCOM,4,-0.0523
SNOW,QCOM,5,0.0082
SNOW,TXN,1,0.0003
SNOW,TXN,2,0.0797
SNOW,TXN,3,0.0326
SNOW,TXN,4,-0.0734
SNOW,TXN,5,-0.0514
SNOW,MU,1,-0.0165
SNOW,MU,2,-0.0037
SNOW,MU,3,0.0094
SNOW,MU,4,0.0736
SNOW,MU,5,0.0246
SNOW,MRVL,1,-0.1388
SNOW,MRVL,2,0.0661
SNOW,MRVL,3,-0.0328
SNOW,MRVL,4,-0.0116
SNOW,MRVL,5,-0.0547
SNOW,ARM,1,-0.1647
SNOW,ARM,2,-0.0012
SNOW,ARM,3,0.0507
SNOW,ARM,4,-0.0678
SNOW,ARM,5,-0.0103
SNOW,ASML,1,-0.1248
SNOW,ASML,2,-0.0717
SNOW,ASML,3,0.0225
SNOW,ASML,4,0.0448
SNOW,ASML,5,0.018
IBM,NVDA,1,0.0069
IBM,NVDA,2,0.0077
IBM,NVDA,3,-0.0268
IBM,NVDA,4,0.0705
IBM,NVDA,5,-0.0302
IBM,MSFT,1,0.0373
IBM,MSFT,2,0.0418
IBM,MSFT,3,-0.0682
IBM,MSFT,4,0.0243
IBM,MSFT,5,-0.1053
IBM,GOOGL,1,-0.0042
IBM,GOOGL,2,-0.0115
IBM,GOOGL,3,0.0113
IBM,GOOGL,4,-0.0073
IBM,GOOGL,5,-0.1076
IBM,META,1,0.032
IBM,META,2,-0.0935
IBM,META,3,0.0063
IBM,META,4,-0.0897
IBM,META,5,-0.0734
IBM,AMZN,1,0.0403
IBM,AMZN,2,-0.0027
IBM,AMZN,3,-0.036
IBM,AMZN,4,-0.0477
IBM,AMZN,5,0.0039
IBM,CRM,1,-0.0379
IBM,CRM,2,0.0216
IBM,CRM,3,-0.1469
IBM,CRM,4,-0.0008
IBM,CRM,5,0.0138
IBM,PLTR,1,0.1451
IBM,PLTR,2,-0.0096
IBM,PLTR,3,-0.0196
IBM,PLTR,4,-0.0288
IBM,PLTR,5,-0.0823
IBM,AI,1,-0.0997
IBM,AI,2,0.0202
IBM,AI,3,0.0427
IBM,AI,4,-0.0004
IBM,AI,5,-0.0388
IBM,SNOW,1,0.0583
IBM,SNOW,2,0.0113
IBM,SNOW,3,-0.104
IBM,SNOW,4,-0.0061
IBM,SNOW,5,0.0279
IBM,SMCI,1,-0.0319
IBM,SMCI,2,0.0077
IBM,SMCI,3,-0.0691
IBM,SMCI,4,0.0645
IBM,SMCI,5,-0.0189
IBM,ORCL,1,0.0388
IBM,ORCL,2,0.0472
IBM,ORCL,3,-0.0325
IBM,ORCL,4,-0.0213
IBM,ORCL,5,0.0055
IBM,AMD,1,-0.0203
IBM,AMD,2,0.0164
IBM,AMD,3,0.0052
IBM,AMD,4,0.0156
IBM,AMD,5,-0.0157
IBM,INTC,1,-0.0247
IBM,INTC,2,-0.0159
IBM,INTC,3,0.0403
IBM,INTC,4,-0.0514
IBM,INTC,5,0.072
IBM,TSM,1,-0.0866
IBM,TSM,2,0.0042
IBM,TSM,3,0.027
IBM,TSM,4,0.0884
IBM,TSM,5,-0.0611
IBM,AVGO,1,0.0893
IBM,AVGO,2,0.0339
IBM,AVGO,3,-0.0195
IBM,AVGO,4,-0.0356
IBM,AVGO,5,-0.0235
IBM,QCOM,1,-0.0769
IBM,QCOM,2,0.0038
IBM,QCOM,3,-0.0808
IBM,QCOM,4,-0.0482
IBM,QCOM,5,-0.0524
IBM,TXN,1,0.0206
IBM,TXN,2,0.0325
IBM,TXN,3,-0.0493
IBM,TXN,4,-0.002
IBM,TXN,5,0.0394
IBM,MU,1,0.0918
IBM,MU,2,-0.0292
IBM,MU,3,-0.0013
IBM,MU,4,0.0115
IBM,MU,5,-0.0009
IBM,MRVL,1,0.0765
IBM,MRVL,2,0.0059
IBM,MRVL,3,0.0226
IBM,MRVL,4,-0.0695
IBM,MRVL,5,0.0175
IBM,ARM,1,-0.0992
IBM,ARM,2,-0.0775
IBM,ARM,3,-0.0064
IBM,ARM,4,0.0683
IBM,ARM,5,0.0696
IBM,ASML,1,-0.0171
IBM,ASML,2,-0.1453
IBM,ASML,3,0.0509
IBM,ASML,4,0.0454
IBM,ASML,5,0.0602
SMCI,NVDA,1,0.0139
SMCI,NVDA,2,0.0068
SMCI,NVDA,3,0.0114
SMCI,NVDA,4,-0.0028
SMCI,NVDA,5,0.0387
SMCI,MSFT,1,0.0729
SMCI,MSFT,2,0.0014
SMCI,MSFT,3,0.078
SMCI,MSFT,4,0.0916
SMCI,MSFT,5,0.0982
SMCI,GOOGL,1,-0.035
SMCI,GOOGL,2,-0.0905
SMCI,GOOGL,3,-0.0497
SMCI,GOOGL,4,0.0434
SMCI,GOOGL,5,0.035
SMCI,META,1,0.0077
SMCI,META,2,-0.0922
SMCI,META,3,-0.0056
SMCI,META,4,0.0523
SMCI,META,5,0.2068
SMCI,AMZN,1,-0.0537
SMCI,AMZN,2,-0.0866
SMCI,AMZN,3,-0.061
SMCI,AMZN,4,0.0199
SMCI,AMZN,5,0.1141
SMCI,CRM,1,0.0563
SMCI,CRM,2,0.0647
SMCI,CRM,3,0.0938
SMCI,CRM,4,-0.0227
SMCI,CRM,5,0.0299
SMCI,PLTR,1,-0.0969
SMCI,PLTR,2,-0.0493
SMCI,PLTR,3,-0.0034
SMCI,PLTR,4,0.0667
SMCI,PLTR,5,0.0334
SMCI,AI,1,-0.1026
SMCI,AI,2,0.0993
SMCI,AI,3,0.0836
SMCI,AI,4,0.0389
SMCI,AI,5,0.0052
SMCI,SNOW,1,0.0498
SMCI,SNOW,2,0.0576
SMCI,SNOW,3,0.0787
SMCI,SNOW,4,-0.0149
SMCI,SNOW,5,0.0493
SMCI,IBM,1,-0.072
SMCI,IBM,2,0.1032
SMCI,IBM,3,-0.0817
SMCI,IBM,4,0.0866
SMCI,IBM,5,-0.0746
SMCI,ORCL,1,0.038
SMCI,ORCL,2,0.0155
SMCI,ORCL,3,0.0631
SMCI,ORCL,4,0.0672
SMCI,ORCL,5,0.0652
SMCI,AMD,1,-0.1068
SMCI,AMD,2,0.0613
SMCI,AMD,3,0.0507
SMCI,AMD,4,0.0815
SMCI,AMD,5,0.011
SMCI,INTC,1,-0.0593
SMCI,INTC,2,0.0139
SMCI,INTC,3,0.0263
SMCI,INTC,4,-0.0913
SMCI,INTC,5,0.0472
SMCI,TSM,1,-0.161
SMCI,TSM,2,-0.0256
SMCI,TSM,3,-0.0249
SMCI,TSM,4,0.0308
SMCI,TSM,5,0.0647
SMCI,AVGO,1,-0.0497
SMCI,AVGO,2,-0.001
SMCI,AVGO,3,0.0054
SMCI,AVGO,4,-0.0777
SMCI,AVGO,5,0.0039
SMCI,QCOM,1,-0.0347
SMCI,QCOM,2,0.004
SMCI,QCOM,3,0.0831
SMCI,QCOM,4,0.0016
SMCI,QCOM,5,0.0424
SMCI,TXN,1,-0.0152
SMCI,TXN,2,-0.0419
SMCI,TXN,3,0.0407
SMCI,TXN,4,-0.0097
SMCI,TXN,5,0.0966
SMCI,MU,1,-0.0419
SMCI,MU,2,0.0307
SMCI,MU,3,0.0848
SMCI,MU,4,-0.0854
SMCI,MU,5,0.0482
SMCI,MRVL,1,-0.105
SMCI,MRVL,2,0.0565
SMCI,MRVL,3,-0.0442
SMCI,MRVL,4,-0.0484
SMCI,MRVL,5,0.0234
SMCI,ARM,1,-0.0636
SMCI,ARM,2,0.0417
SMCI,ARM,3,-0.1183
SMCI,ARM,4,0.0301
SMCI,ARM,5,0.0763
SMCI,ASML,1,-0.1537
SMCI,ASML,2,-0.0748
SMCI,ASML,3,0.0444
SMCI,ASML,4,-0.0624
SMCI,ASML,5,0.0198
ORCL,NVDA,1,-0.035
ORCL,NVDA,2,0.0343
ORCL,NVDA,3,0.0716
ORCL,NVDA,4,0.0123
ORCL,NVDA,5,-0.0858
ORCL,MSFT,1,0.0656
ORCL,MSFT,2,0.0789
ORCL,MSFT,3,0.0058
ORCL,MSFT,4,0.0191
ORCL,MSFT,5,-0.0512
ORCL,GOOGL,1,0.0004
ORCL,GOOGL,2,-0.0507
ORCL,GOOGL,3,0.1027
ORCL,GOOGL,4,-0.0372
ORCL,GOOGL,5,-0.1506
ORCL,META,1,-0.006
ORCL,META,2,0.0022
ORCL,META,3,0.02
ORCL,META,4,0.0138
ORCL,META,5,-0.0217
ORCL,AMZN,1,-0.0123
ORCL,AMZN,2,-0.0485
ORCL,AMZN,3,0.023
ORCL,AMZN,4,0.0027
ORCL,AMZN,5,-0.0445
ORCL,CRM,1,0.0115
ORCL,CRM,2,-0.0293
ORCL,CRM,3,0.0432
ORCL,CRM,4,-0.057
ORCL,CRM,5,0.0437
ORCL,PLTR,1,0.0289
ORCL,PLTR,2,0.0526
ORCL,PLTR,3,-0.0077
ORCL,PLTR,4,0.0511
ORCL,PLTR,5,-0.0694
ORCL,AI,1,-0.0277
ORCL,AI,2,0.0945
ORCL,AI,3,0.0701
ORCL,AI,4,-0.0094
ORCL,AI,5,-0.0505
ORCL,SNOW,1,0.0128
ORCL,SNOW,2,-0.0172
ORCL,SNOW,3,0.0072
ORCL,SNOW,4,-0.0234
ORCL,SNOW,5,-0.0241
ORCL,IBM,1,0.0366
ORCL,IBM,2,-0.0464
ORCL,IBM,3,-0.0002
ORCL,IBM,4,0.0671
ORCL,IBM,5,-0.0771
ORCL,SMCI,1,-0.0437
ORCL,SMCI,2,0.0663
ORCL,SMCI,3,0.0491
ORCL,SMCI,4,0.0248
ORCL,SMCI,5,-0.0167
ORCL,AMD,1,-0.0603
ORCL,AMD,2,0.132
ORCL,AMD,3,0.1034
ORCL,AMD,4,-0.0169
ORCL,AMD,5,-0.0061
ORCL,INTC,1,-0.1626
ORCL,INTC,2,0.0867
ORCL,INTC,3,0.1375
ORCL,INTC,4,-0.0741
ORCL,INTC,5,-0.0445
ORCL,TSM,1,-0.0544
ORCL,TSM,2,0.0504
ORCL,TSM,3,-0.0035
ORCL,TSM,4,-0.0427
ORCL,TSM,5,-0.0853
ORCL,AVGO,1,-0.0267
ORCL,AVGO,2,0.044
ORCL,AVGO,3,0.0391
ORCL,AVGO,4,-0.0657
ORCL,AVGO,5,-0.085
ORCL,QCOM,1,-0.0307
ORCL,QCOM,2,0.1127
ORCL,QCOM,3,0.0584
ORCL,QCOM,4,0.0342
ORCL,QCOM,5,-0.0112
ORCL,TXN,1,-0.019
ORCL,TXN,2,0.1263
ORCL,TXN,3,0.0275
ORCL,TXN,4,-0.0797
ORCL,TXN,5,0.0588
ORCL,MU,1,0.046
ORCL,MU,2,0.1147
ORCL,MU,3,0.052
ORCL,MU,4,-0.043
ORCL,MU,5,-0.0069
ORCL,MRVL,1,-0.0699
ORCL,MRVL,2,0.0718
ORCL,MRVL,3,0.02
ORCL,MRVL,4,-0.002
ORCL,MRVL,5,-0.0449
ORCL,ARM,1,-0.069
ORCL,ARM,2,0.02
ORCL,ARM,3,0.0567
ORCL,ARM,4,-0.0416
ORCL,ARM,5,0.014
ORCL,ASML,1,-0.0948
ORCL,ASML,2,-0.0117
ORCL,ASML,3,0.1117
ORCL,ASML,4,-0.028
ORCL,ASML,5,-0.0213
AMD,NVDA,1,0.0658
AMD,NVDA,2,-0.0473
AMD,NVDA,3,0.0268
AMD,NVDA,4,-0.1248
AMD,NVDA,5,0.0489
AMD,MSFT,1,0.1181
AMD,MSFT,2,0.0222
AMD,MSFT,3,-0.0297
AMD,MSFT,4,-0.0266
AMD,MSFT,5,0.058
AMD,GOOGL,1,-0.0283
AMD,GOOGL,2,-0.1861
AMD,GOOGL,3,-0.049
AMD,GOOGL,4,0.0395
AMD,GOOGL,5,0.1581
AMD,META,1,0.0143
AMD,META,2,-0.0372
AMD,META,3,-0.0175
AMD,META,4,-0.0793
AMD,META,5,0.0642
AMD,AMZN,1,0.0212
AMD,AMZN,2,0.02
AMD,AMZN,3,0.016
AMD,AMZN,4,-0.0463
AMD,AMZN,5,0.1365
AMD,CRM,1,0.0793
AMD,CRM,2,0.0357
AMD,CRM,3,0.0111
AMD,CRM,4,-0.0184
AMD,CRM,5,0.1024
AMD,PLTR,1,0.0233
AMD,PLTR,2,-0.1038
AMD,PLTR,3,-0.0971
AMD,PLTR,4,-0.0356
AMD,PLTR,5,-0.0087
AMD,AI,1,-0.0545
AMD,AI,2,-0.1237
AMD,AI,3,-0.0237
AMD,AI,4,0.0625
AMD,AI,5,0.0529
AMD,SNOW,1,0.0826
AMD,SNOW,2,0.0661
AMD,SNOW,3,-0.0447
AMD,SNOW,4,-0.0575
AMD,SNOW,5,0.0041
AMD,IBM,1,-0.0234
AMD,IBM,2,-0.076
AMD,IBM,3,-0.1429
AMD,IBM,4,0.0137
AMD,IBM,5,0.0415
AMD,SMCI,1,-0.0036
AMD,SMCI,2,-0.0073
AMD,SMCI,3,-0.0333
AMD,SMCI,4,0.0045
AMD,SMCI,5,0.029
AMD,ORCL,1,0.042
AMD,ORCL,2,-0.0127
AMD,ORCL,3,-0.1072
AMD,ORCL,4,-0.013
AMD,ORCL,5,0.127
AMD,INTC,1,-0.0443
AMD,INTC,2,-0.0051
AMD,INTC,3,0.0799
AMD,INTC,4,-0.0453
AMD,INTC,5,0.0651
AMD,TSM,1,-0.1403
AMD,TSM,2,-0.0698
AMD,TSM,3,-0.0383
AMD,TSM,4,-0.124
AMD,TSM,5,0.0693
AMD,AVGO,1,-0.0374
AMD,AVGO,2,-0.0883
AMD,AVGO,3,0.0008
AMD,AVGO,4,-0.1634
AMD,AVGO,5,0.0718
AMD,QCOM,1,0.0969
AMD,QCOM,2,0.0378
AMD,QCOM,3,0.0286
AMD,QCOM,4,0.0427
AMD,QCOM,5,0.0937
AMD,TXN,1,0.0011
AMD,TXN,2,0.0115
AMD,TXN,3,0.0153
AMD,TXN,4,-0.0154
AMD,TXN,5,0.1182
AMD,MU,1,-0.0895
AMD,MU,2,0.0503
AMD,MU,3,0.1077
AMD,MU,4,-0.1289
AMD,MU,5,-0.023
AMD,MRVL,1,-0.0834
AMD,MRVL,2,0.0666
AMD,MRVL,3,-0.0794
AMD,MRVL,4,-0.0625
AMD,MRVL,5,0.0385
AMD,ARM,1,-0.0239
AMD,ARM,2,-0.1354
AMD,ARM,3,-0.0004
AMD,ARM,4,-0.0144
AMD,ARM,5,0.1651
AMD,ASML,1,-0.1653
AMD,ASML,2,-0.118
AMD,ASML,3,0.0452
AMD,ASML,4,-0.0924
AMD,ASML,5,0.0536
INTC,NVDA,1,0.0776
INTC,NVDA,2,-0.0074
INTC,NVDA,3,-0.068
INTC,NVDA,4,0.0258
INTC,NVDA,5,0.0527
INTC,MSFT,1,-0.0706
INTC,MSFT,2,0.04
INTC,MSFT,3,-0.0229
INTC,MSFT,4,0.1164
INTC,MSFT,5,0.0554
INTC,GOOGL,1,0.052
INTC,GOOGL,2,-0.1051
INTC,GOOGL,3,0.049
INTC,GOOGL,4,0.0973
INTC,GOOGL,5,0.0465
INTC,META,1,0.0192
INTC,META,2,-0.0531
INTC,META,3,-0.0977
INTC,META,4,-0.1173
INTC,META,5,-0.0128
INTC,AMZN,1,0.0435
INTC,AMZN,2,-0.0495
INTC,AMZN,3,0.0624
INTC,AMZN,4,0.0482
INTC,AMZN,5,0.0942
INTC,CRM,1,0.0366
INTC,CRM,2,0.0855
INTC,CRM,3,0.0067
INTC,CRM,4,-0.0176
INTC,CRM,5,0.0764
INTC,PLTR,1,-0.0123
INTC,PLTR,2,-0.0593
INTC,PLTR,3,0.0411
INTC,PLTR,4,0.0552
INTC,PLTR,5,-0.0593
INTC,AI,1,-0.0219
INTC,AI,2,0.0569
INTC,AI,3,-0.0585
INTC,AI,4,0.0668
INTC,AI,5,0.1229
INTC,SNOW,1,0.0277
INTC,SNOW,2,-0.0198
INTC,SNOW,3,-0.0159
INTC,SNOW,4,0.02
INTC,SNOW,5,0.0232
INTC,IBM,1,0.0341
INTC,IBM,2,0.0811
INTC,IBM,3,-0.0157
INTC,IBM,4,-0.0763
INTC,IBM,5,0.0781
INTC,SMCI,1,0.0146
INTC,SMCI,2,-0.0442
INTC,SMCI,3,0.0772
INTC,SMCI,4,0.1173
INTC,SMCI,5,0.1729
INTC,ORCL,1,-0.035
INTC,ORCL,2,0.0222
INTC,ORCL,3,0.0343
INTC,ORCL,4,0.0755
INTC,ORCL,5,0.0657
INTC,AMD,1,-0.0081
INTC,AMD,2,-0.0839
INTC,AMD,3,0.1329
INTC,AMD,4,0.0883
INTC,AMD,5,0.1098
INTC,TSM,1,-0.0622
INTC,TSM,2,-0.0534
INTC,TSM,3,0.0662
INTC,TSM,4,0.0612
INTC,TSM,5,0.0383
INTC,AVGO,1,-0.0476
INTC,AVGO,2,-0.105
INTC,AVGO,3,0.041
INTC,AVGO,4,0.0594
INTC,AVGO,5,0.0195
INTC,QCOM,1,0.0737
INTC,QCOM,2,0.063
INTC,QCOM,3,0.0289
INTC,QCOM,4,0.2403
INTC,QCOM,5,0.0425
INTC,TXN,1,-0.0119
INTC,TXN,2,-0.0311
INTC,TXN,3,0.0005
INTC,TXN,4,0.1046
INTC,TXN,5,0.1545
INTC,MU,1,-0.0585
INTC,MU,2,-0.0867
INTC,MU,3,0.1273
INTC,MU,4,0.0622
INTC,MU,5,0.1028
INTC,MRVL,1,-0.0344
INTC,MRVL,2,0.0005
INTC,MRVL,3,-0.0209
INTC,MRVL,4,0.0874
INTC,MRVL,5,0.08
INTC,ARM,1,-0.0521
INTC,ARM,2,-0.1615
INTC,ARM,3,0.0212
INTC,ARM,4,0.1516
INTC,ARM,5,0.1592
INTC,ASML,1,-0.0122
INTC,ASML,2,-0.0361
INTC,ASML,3,0.1246
INTC,ASML,4,0.0598
INTC,ASML,5,0.0513
TSM,NVDA,1,-0.0338
TSM,NVDA,2,-0.0228
TSM,NVDA,3,-0.0082
TSM,NVDA,4,-0.0616
TSM,NVDA,5,-0.0687
TSM,MSFT,1,0.0389
TSM,MSFT,2,0.0235
TSM,MSFT,3,-0.0801
TSM,MSFT,4,-0.0003
TSM,MSFT,5,0.0817
TSM,GOOGL,1,-0.0518
TSM,GOOGL,2,-0.1053
TSM,GOOGL,3,0.008
TSM,GOOGL,4,-0.0373
TSM,GOOGL,5,-0.0101
TSM,META,1,-0.023
TSM,META,2,-0.0563
TSM,META,3,-0.0951
TSM,META,4,0.0194
TSM,META,5,0.0556
TSM,AMZN,1,-0.0441
TSM,AMZN,2,0.0094
TSM,AMZN,3,-0.0328
TSM,AMZN,4,0.0058
TSM,AMZN,5,0.0515
TSM,CRM,1,-0.0012
TSM,CRM,2,-0.0059
TSM,CRM,3,0.0784
TSM,CRM,4,-0.0454
TSM,CRM,5,0.0273
TSM,PLTR,1,-0.0122
TSM,PLTR,2,-0.0852
TSM,PLTR,3,-0.0554
TSM,PLTR,4,0.0218
TSM,PLTR,5,0.0025
TSM,AI,1,-0.0756
TSM,AI,2,-0.0356
TSM,AI,3,-0.0883
TSM,AI,4,0.1167
TSM,AI,5,0.0103
TSM,SNOW,1,-0.0078
TSM,SNOW,2,-0.0243
TSM,SNOW,3,0.0625
TSM,SNOW,4,-0.0271
TSM,SNOW,5,-0.038
TSM,IBM,1,-0.0857
TSM,IBM,2,0.0619
TSM,IBM,3,-0.1024
TSM,IBM,4,0.0821
TSM,IBM,5,-0.0551
TSM,SMCI,1,-0.0237
TSM,SMCI,2,0.0789
TSM,SMCI,3,-0.0511
TSM,SMCI,4,0.0254
TSM,SMCI,5,-0.009
TSM,ORCL,1,0.0199
TSM,ORCL,2,0.0266
TSM,ORCL,3,-0.009
TSM,ORCL,4,-0.0086
TSM,ORCL,5,0.0641
TSM,AMD,1,-0.0772
TSM,AMD,2,0.083
TSM,AMD,3,-0.0101
TSM,AMD,4,-0.0012
TSM,AMD,5,-0.0129
TSM,INTC,1,-0.0851
TSM,INTC,2,0.1357
TSM,INTC,3,0.118
TSM,INTC,4,-0.075
TSM,INTC,5,0.0054
TSM,AVGO,1,-0.0292
TSM,AVGO,2,-0.0689
TSM,AVGO,3,0.0084
TSM,AVGO,4,-0.1688
TSM,AVGO,5,-0.0498
TSM,QCOM,1,-0.0488
TSM,QCOM,2,0.1204
TSM,QCOM,3,0.0812
TSM,QCOM,4,0.0243
TSM,QCOM,5,-0.0106
TSM,TXN,1,-0.006
TSM,TXN,2,0.0385
TSM,TXN,3,0.0938
TSM,TXN,4,-0.022
TSM,TXN,5,-0.0582
TSM,MU,1,-0.0776
TSM,MU,2,0.0413
TSM,MU,3,0.1051
TSM,MU,4,-0.1075
TSM,MU,5,-0.045
TSM,MRVL,1,-0.0692
TSM,MRVL,2,0.0936
TSM,MRVL,3,-0.0917
TSM,MRVL,4,-0.1061
TSM,MRVL,5,-0.0522
TSM,ARM,1,-0.0735
TSM,ARM,2,-0.0046
TSM,ARM,3,0.0224
TSM,ARM,4,-0.089
TSM,ARM,5,0.0083
TSM,ASML,1,-0.0866
TSM,ASML,2,-0.0753
TSM,ASML,3,0.034
TSM,ASML,4,-0.0382
TSM,ASML,5,-0.0209
AVGO,NVDA,1,-0.0757
AVGO,NVDA,2,0.0974
AVGO,NVDA,3,0.0684
AVGO,NVDA,4,-0.0505
AVGO,NVDA,5,-0.0744
AVGO,MSFT,1,0.0469
AVGO,MSFT,2,0.0301
AVGO,MSFT,3,-0.0212
AVGO,MSFT,4,0.0234
AVGO,MSFT,5,0.0735
AVGO,GOOGL,1,0.0056
AVGO,GOOGL,2,-0.0274
AVGO,GOOGL,3,0.1095
AVGO,GOOGL,4,-0.0522
AVGO,GOOGL,5,0.0291
AVGO,META,1,-0.0273
AVGO,META,2,0.0478
AVGO,META,3,-0.0095
AVGO,META,4,-0.0347
AVGO,META,5,0.0558
AVGO,AMZN,1,0.0237
AVGO,AMZN,2,0.0626
AVGO,AMZN,3,0.0751
AVGO,AMZN,4,-0.0201
AVGO,AMZN,5,0.0419
AVGO,CRM,1,-0.0041
AVGO,CRM,2,-0.0692
AVGO,CRM,3,0.0852
AVGO,CRM,4,-0.0745
AVGO,CRM,5,0.0912
AVGO,PLTR,1,-0.0828
AVGO,PLTR,2,0.0192
AVGO,PLTR,3,-0.0318
AVGO,PLTR,4,-0.0392
AVGO,PLTR,5,0.0105
AVGO,AI,1,-0.043
AVGO,AI,2,0.0367
AVGO,AI,3,-0.015
AVGO,AI,4,-0.0207
AVGO,AI,5,0.0101
AVGO,SNOW,1,0.0104
AVGO,SNOW,2,-0.0526
AVGO,SNOW,3,0.0465
AVGO,SNOW,4,-0.0485
AVGO,SNOW,5,0.0548
AVGO,IBM,1,-0.0298
AVGO,IBM,2,-0.0127
AVGO,IBM,3,-0.0927
AVGO,IBM,4,-0.0348
AVGO,IBM,5,0.0111
AVGO,SMCI,1,-0.0356
AVGO,SMCI,2,0.0822
AVGO,SMCI,3,0.0694
AVGO,SMCI,4,-0.0028
AVGO,SMCI,5,0.0693
AVGO,ORCL,1,-0.0222
AVGO,ORCL,2,0.0475
AVGO,ORCL,3,0.1303
AVGO,ORCL,4,-0.0669
AVGO,ORCL,5,0.0009
AVGO,AMD,1,-0.017
AVGO,AMD,2,0.1054
AVGO,AMD,3,0.0195
AVGO,AMD,4,-0.0005
AVGO,AMD,5,0.0202
AVGO,INTC,1,-0.095
AVGO,INTC,2,0.0984
AVGO,INTC,3,0.1114
AVGO,INTC,4,-0.1028
AVGO,INTC,5,0.0399
AVGO,TSM,1,-0.0862
AVGO,TSM,2,0.0819
AVGO,TSM,3,0.0318
AVGO,TSM,4,-0.0742
AVGO,TSM,5,-0.0405
AVGO,QCOM,1,-0.0651
AVGO,QCOM,2,0.0386
AVGO,QCOM,3,0.0758
AVGO,QCOM,4,0.0233
AVGO,QCOM,5,0.059
AVGO,TXN,1,0.0485
AVGO,TXN,2,0.035
AVGO,TXN,3,0.0138
AVGO,TXN,4,0.0091
AVGO,TXN,5,0.0669
AVGO,MU,1,-0.0351
AVGO,MU,2,0.0458
AVGO,MU,3,0.1071
AVGO,MU,4,-0.0594
AVGO,MU,5,-0.0302
AVGO,MRVL,1,-0.0028
AVGO,MRVL,2,0.0771
AVGO,MRVL,3,-0.0142
AVGO,MRVL,4,-0.0723
AVGO,MRVL,5,0.0377
AVGO,ARM,1,-0.0358
AVGO,ARM,2,-0.019
AVGO,ARM,3,0.0778
AVGO,ARM,4,-0.0258
AVGO,ARM,5,0.0713
AVGO,ASML,1,-0.0852
AVGO,ASML,2,-0.0127
AVGO,ASML,3,0.1057
AVGO,ASML,4,-0.0521
AVGO,ASML,5,0.0162
QCOM,NVDA,1,0.022
QCOM,NVDA,2,-0.0647
QCOM,NVDA,3,-0.0469
QCOM,NVDA,4,0.0013
QCOM,NVDA,5,0.1335
QCOM,MSFT,1,0.0574
QCOM,MSFT,2,0.0726
QCOM,MSFT,3,-0.0395
QCOM,MSFT,4,-0.0259
QCOM,MSFT,5,0.053
QCOM,GOOGL,1,0.0326
QCOM,GOOGL,2,-0.134
QCOM,GOOGL,3,0.0806
QCOM,GOOGL,4,0.0994
QCOM,GOOGL,5,0.0054
QCOM,META,1,-0.0139
QCOM,META,2,-0.0266
QCOM,META,3,-0.1187
QCOM,META,4,-0.0922
QCOM,META,5,0.0068
QCOM,AMZN,1,0.0968
QCOM,AMZN,2,0.0076
QCOM,AMZN,3,-0.005
QCOM,AMZN,4,0.0544
QCOM,AMZN,5,0.0289
QCOM,CRM,1,0.0587
QCOM,CRM,2,0.1302
QCOM,CRM,3,0.0604
QCOM,CRM,4,-0.0571
QCOM,CRM,5,0.1607
QCOM,PLTR,1,0.0102
QCOM,PLTR,2,0.0232
QCOM,PLTR,3,-0.0794
QCOM,PLTR,4,0.0174
QCOM,PLTR,5,0.0641
QCOM,AI,1,-0.1118
QCOM,AI,2,0.0296
QCOM,AI,3,-0.0484
QCOM,AI,4,0.04
QCOM,AI,5,0.1006
QCOM,SNOW,1,0.0285
QCOM,SNOW,2,0.1069
QCOM,SNOW,3,-0.0649
QCOM,SNOW,4,-0.0154
QCOM,SNOW,5,0.0954
QCOM,IBM,1,-0.0345
QCOM,IBM,2,0.0443
QCOM,IBM,3,-0.0755
QCOM,IBM,4,0.0349
QCOM,IBM,5,0.0612
QCOM,SMCI,1,-0.0141
QCOM,SMCI,2,-0.024
QCOM,SMCI,3,-0.0807
QCOM,SMCI,4,0.1907
QCOM,SMCI,5,0.096
QCOM,ORCL,1,-0.0035
QCOM,ORCL,2,0.0345
QCOM,ORCL,3,0.0437
QCOM,ORCL,4,0.0703
QCOM,ORCL,5,0.0643
QCOM,AMD,1,0.0126
QCOM,AMD,2,-0.1078
QCOM,AMD,3,0.0207
QCOM,AMD,4,0.1424
QCOM,AMD,5,0.0389
QCOM,INTC,1,0.0195
QCOM,INTC,2,-0.0551
QCOM,INTC,3,0.1663
QCOM,INTC,4,-0.0125
QCOM,INTC,5,0.1159
QCOM,TSM,1,-0.0431
QCOM,TSM,2,-0.1124
QCOM,TSM,3,-0.0782
QCOM,TSM,4,0.0458
QCOM,TSM,5,0.0542
QCOM,AVGO,1,-0.0421
QCOM,AVGO,2,-0.1219
QCOM,AVGO,3,0.0586
QCOM,AVGO,4,-0.062
QCOM,AVGO,5,-0.016
QCOM,TXN,1,0.006
QCOM,TXN,2,-0.1247
QCOM,TXN,3,0.0083
QCOM,TXN,4,0.1121
QCOM,TXN,5,0.0147
QCOM,MU,1,0.0619
QCOM,MU,2,-0.0312
QCOM,MU,3,0.1802
QCOM,MU,4,-0.0707
QCOM,MU,5,0.0229
QCOM,MRVL,1,-0.0615
QCOM,MRVL,2,-0.0733
QCOM,MRVL,3,0.0162
QCOM,MRVL,4,0.0456
QCOM,MRVL,5,-0.0948
QCOM,ARM,1,-0.0715
QCOM,ARM,2,-0.2701
QCOM,ARM,3,-0.0165
QCOM,ARM,4,0.1727
QCOM,ARM,5,-0.0127
QCOM,ASML,1,-0.0186
QCOM,ASML,2,-0.1795
QCOM,ASML,3,0.0766
QCOM,ASML,4,0.0126
QCOM,ASML,5,0.0392
TXN,NVDA,1,0.0912
TXN,NVDA,2,0.0344
TXN,NVDA,3,-0.0641
TXN,NVDA,4,-0.0162
TXN,NVDA,5,-0.0456
TXN,MSFT,1,-0.0733
TXN,MSFT,2,0.0549
TXN,MSFT,3,0.0171
TXN,MSFT,4,-0.0006
TXN,MSFT,5,-0.0275
TXN,GOOGL,1,-0.0131
TXN,GOOGL,2,-0.06
TXN,GOOGL,3,-0.0617
TXN,GOOGL,4,-0.0182
TXN,GOOGL,5,0.1914
TXN,META,1,0.1085
TXN,META,2,0.0011
TXN,META,3,-0.0008
TXN,META,4,0.0569
TXN,META,5,-0.079
TXN,AMZN,1,0.0943
TXN,AMZN,2,-0.0181
TXN,AMZN,3,-0.0547
TXN,AMZN,4,0.0145
TXN,AMZN,5,0.0025
TXN,CRM,1,-0.0111
TXN,CRM,2,0.0398
TXN,CRM,3,0.0143
TXN,CRM,4,-0.0514
TXN,CRM,5,-0.002
TXN,PLTR,1,-0.0053
TXN,PLTR,2,-0.0941
TXN,PLTR,3,-0.0555
TXN,PLTR,4,0.0189
TXN,PLTR,5,-0.1126
TXN,AI,1,-0.0221
TXN,AI,2,0.0304
TXN,AI,3,-0.0389
TXN,AI,4,0.0425
TXN,AI,5,0.0456
TXN,SNOW,1,-0.1628
TXN,SNOW,2,-0.0101
TXN,SNOW,3,-0.0595
TXN,SNOW,4,-0.0353
TXN,SNOW,5,-0.0712
TXN,IBM,1,0.0659
TXN,IBM,2,-0.0128
TXN,IBM,3,-0.0072
TXN,IBM,4,-0.0459
TXN,IBM,5,0.0032
TXN,SMCI,1,0.0434
TXN,SMCI,2,0.0002
TXN,SMCI,3,-0.103
TXN,SMCI,4,0.0778
TXN,SMCI,5,0.0943
TXN,ORCL,1,-0.0622
TXN,ORCL,2,-0.0033
TXN,ORCL,3,0.0268
TXN,ORCL,4,-0.0809
TXN,ORCL,5,-0.0051
TXN,AMD,1,0.0825
TXN,AMD,2,-0.1164
TXN,AMD,3,-0.075
TXN,AMD,4,0.0887
TXN,AMD,5,0.0273
TXN,INTC,1,0.2028
TXN,INTC,2,0.0201
TXN,INTC,3,0.0375
TXN,INTC,4,0.0706
TXN,INTC,5,0.1476
TXN,TSM,1,0.0045
TXN,TSM,2,-0.0693
TXN,TSM,3,-0.0385
TXN,TSM,4,0.0721
TXN,TSM,5,0.0424
TXN,AVGO,1,-0.0229
TXN,AVGO,2,-0.1095
TXN,AVGO,3,-0.0336
TXN,AVGO,4,-0.0017
TXN,AVGO,5,0.0343
TXN,QCOM,1,0.1067
TXN,QCOM,2,-0.0014
TXN,QCOM,3,-0.0722
TXN,QCOM,4,0.0823
TXN,QCOM,5,0.2806
TXN,MU,1,-0.0505
TXN,MU,2,-0.0122
TXN,MU,3,0.035
TXN,MU,4,0.0086
TXN,MU,5,-0.0682
TXN,MRVL,1,-0.023
TXN,MRVL,2,-0.0774
TXN,MRVL,3,-0.1338
TXN,MRVL,4,0.0004
TXN,MRVL,5,-0.0021
TXN,ARM,1,0.1396
TXN,ARM,2,-0.1815
TXN,ARM,3,-0.0646
TXN,ARM,4,0.0916
TXN,ARM,5,0.0988
TXN,ASML,1,0.0322
TXN,ASML,2,-0.1129
TXN,ASML,3,-0.0555
TXN,ASML,4,0.0444
TXN,ASML,5,0.0619
MU,NVDA,1,-0.0009
MU,NVDA,2,-0.0253
MU,NVDA,3,0.0906
MU,NVDA,4,-0.0598
MU,NVDA,5,-0.0175
MU,MSFT,1,0.0696
MU,MSFT,2,0.0483
MU,MSFT,3,-0.0402
MU,MSFT,4,0.0468
MU,MSFT,5,0.0263
MU,GOOGL,1,0.0116
MU,GOOGL,2,-0.0473
MU,GOOGL,3,0.1413
MU,GOOGL,4,-0.0798
MU,GOOGL,5,-0.0313
MU,META,1,0.0267
MU,META,2,0.024
MU,META,3,-0.0131
MU,META,4,-0.0081
MU,META,5,0.0062
MU,AMZN,1,0.0078
MU,AMZN,2,0.0747
MU,AMZN,3,0.0336
MU,AMZN,4,0.0024
MU,AMZN,5,0.0446
MU,CRM,1,-0.0031
MU,CRM,2,0.0632
MU,CRM,3,-0.009
MU,CRM,4,0.0096
MU,CRM,5,-0.0149
MU,PLTR,1,0.022
MU,PLTR,2,-0.0524
MU,PLTR,3,0.0046
MU,PLTR,4,0.0
MU,PLTR,5,-0.0664
MU,AI,1,-0.071
MU,AI,2,0.0711
MU,AI,3,-0.0773
MU,AI,4,0.02
MU,AI,5,0.0102
MU,SNOW,1,0.052
MU,SNOW,2,-0.0073
MU,SNOW,3,-0.0152
MU,SNOW,4,-0.0022
MU,SNOW,5,-0.0295
MU,IBM,1,-0.0846
MU,IBM,2,0.1043
MU,IBM,3,-0.0759
MU,IBM,4,0.0839
MU,IBM,5,-0.0069
MU,SMCI,1,0.0141
MU,SMCI,2,0.043
MU,SMCI,3,-0.0174
MU,SMCI,4,0.0078
MU,SMCI,5,-0.0043
MU,ORCL,1,0.018
MU,ORCL,2,0.0256
MU,ORCL,3,0.0134
MU,ORCL,4,-0.0077
MU,ORCL,5,0.0481
MU,AMD,1,0.0026
MU,AMD,2,0.072
MU,AMD,3,0.1174
MU,AMD,4,-0.0131
MU,AMD,5,0.0474
MU,INTC,1,-0.0442
MU,INTC,2,0.0784
MU,INTC,3,0.1144
MU,INTC,4,-0.0559
MU,INTC,5,0.1079
MU,TSM,1,-0.1489
MU,TSM,2,-0.015
MU,TSM,3,0.0828
MU,TSM,4,-0.0616
MU,TSM,5,-0.012
MU,AVGO,1,-0.0209
MU,AVGO,2,-0.1338
MU,AVGO,3,0.066
MU,AVGO,4,-0.1515
MU,AVGO,5,-0.0665
MU,QCOM,1,0.0202
MU,QCOM,2,0.203
MU,QCOM,3,0.1101
MU,QCOM,4,0.0665
MU,QCOM,5,-0.0001
MU,TXN,1,-0.0043
MU,TXN,2,0.0565
MU,TXN,3,0.0219
MU,TXN,4,-0.0373
MU,TXN,5,0.1201
MU,MRVL,1,-0.1272
MU,MRVL,2,0.004
MU,MRVL,3,-0.0204
MU,MRVL,4,-0.0768
MU,MRVL,5,0.0467
MU,ARM,1,-0.0687
MU,ARM,2,-0.0538
MU,ARM,3,0.05
MU,ARM,4,-0.074
MU,ARM,5,0.0022
MU,ASML,1,-0.0495
MU,ASML,2,0.0192
MU,ASML,3,0.2093
MU,ASML,4,-0.0249
MU,ASML,5,0.028
MRVL,NVDA,1,0.0484
MRVL,NVDA,2,0.0756
MRVL,NVDA,3,0.075
MRVL,NVDA,4,0.0225
MRVL,NVDA,5,-0.0554
MRVL,MSFT,1,0.0898
MRVL,MSFT,2,0.1195
MRVL,MSFT,3,0.021
MRVL,MSFT,4,0.0969
MRVL,MSFT,5,0.0082
MRVL,GOOGL,1,0.0005
MRVL,GOOGL,2,-0.1672
MRVL,GOOGL,3,0.0375
MRVL,GOOGL,4,-0.0703
MRVL,GOOGL,5,0.0574
MRVL,META,1,0.0214
MRVL,META,2,0.058
MRVL,META,3,-0.0
MRVL,META,4,-0.0469
MRVL,META,5,-0.0195
MRVL,AMZN,1,0.0666
MRVL,AMZN,2,0.01
MRVL,AMZN,3,-0.0222
MRVL,AMZN,4,0.0175
MRVL,AMZN,5,0.092
MRVL,CRM,1,0.0351
MRVL,CRM,2,0.0519
MRVL,CRM,3,0.0935
MRVL,CRM,4,-0.0191
MRVL,CRM,5,0.0637
MRVL,PLTR,1,-0.0306
MRVL,PLTR,2,0.0187
MRVL,PLTR,3,0.0
MRVL,PLTR,4,0.0364
MRVL,PLTR,5,-0.0549
MRVL,AI,1,-0.0748
MRVL,AI,2,0.0422
MRVL,AI,3,0.047
MRVL,AI,4,0.0009
MRVL,AI,5,0.0297
MRVL,SNOW,1,0.047
MRVL,SNOW,2,0.0204
MRVL,SNOW,3,0.0197
MRVL,SNOW,4,-0.0528
MRVL,SNOW,5,0.0093
MRVL,IBM,1,-0.0195
MRVL,IBM,2,-0.0159
MRVL,IBM,3,-0.0744
MRVL,IBM,4,-0.0428
MRVL,IBM,5,0.0192
MRVL,SMCI,1,-0.0092
MRVL,SMCI,2,0.0493
MRVL,SMCI,3,-0.001
MRVL,SMCI,4,0.0465
MRVL,SMCI,5,0.0177
MRVL,ORCL,1,0.0036
MRVL,ORCL,2,0.1166
MRVL,ORCL,3,0.0808
MRVL,ORCL,4,0.0206
MRVL,ORCL,5,-0.0071
MRVL,AMD,1,0.0212
MRVL,AMD,2,0.0566
MRVL,AMD,3,0.0472
MRVL,AMD,4,0.065
MRVL,AMD,5,0.0144
MRVL,INTC,1,0.0465
MRVL,INTC,2,0.0001
MRVL,INTC,3,0.031
MRVL,INTC,4,0.0613
MRVL,INTC,5,0.1268
MRVL,TSM,1,-0.0287
MRVL,TSM,2,-0.0056
MRVL,TSM,3,0.0767
MRVL,TSM,4,-0.092
MRVL,TSM,5,0.052
MRVL,AVGO,1,0.0024
MRVL,AVGO,2,-0.0834
MRVL,AVGO,3,0.0534
MRVL,AVGO,4,-0.0754
MRVL,AVGO,5,-0.0308
MRVL,QCOM,1,-0.0196
MRVL,QCOM,2,-0.01
MRVL,QCOM,3,0.0432
MRVL,QCOM,4,0.0758
MRVL,QCOM,5,0.0972
MRVL,TXN,1,0.0195
MRVL,TXN,2,0.0653
MRVL,TXN,3,0.0648
MRVL,TXN,4,0.0246
MRVL,TXN,5,0.0841
MRVL,MU,1,-0.0016
MRVL,MU,2,0.0021
MRVL,MU,3,0.1349
MRVL,MU,4,-0.0604
MRVL,MU,5,0.0508
MRVL,ARM,1,0.0579
MRVL,ARM,2,-0.0308
MRVL,ARM,3,0.0012
MRVL,ARM,4,0.0025
MRVL,ARM,5,0.0562
MRVL,ASML,1,-0.0116
MRVL,ASML,2,-0.0722
MRVL,ASML,3,0.0483
MRVL,ASML,4,-0.0487
MRVL,ASML,5,0.0376
ARM,NVDA,1,0.0432
ARM,NVDA,2,-0.0104
ARM,NVDA,3,0.0009
ARM,NVDA,4,-0.016
ARM,NVDA,5,-0.0224
ARM,MSFT,1,0.0693
ARM,MSFT,2,0.0983
ARM,MSFT,3,0.0181
ARM,MSFT,4,0.0407
ARM,MSFT,5,-0.0249
ARM,GOOGL,1,-0.0927
ARM,GOOGL,2,-0.1574
ARM,GOOGL,3,-0.0404
ARM,GOOGL,4,0.1235
ARM,GOOGL,5,0.0493
ARM,META,1,-0.0353
ARM,META,2,-0.0261
ARM,META,3,-0.0126
ARM,META,4,-0.0201
ARM,META,5,0.0425
ARM,AMZN,1,0.0073
ARM,AMZN,2,-0.0744
ARM,AMZN,3,-0.0125
ARM,AMZN,4,0.0248
ARM,AMZN,5,0.0637
ARM,CRM,1,0.055
ARM,CRM,2,0.101
ARM,CRM,3,0.0594
ARM,CRM,4,-0.0672
ARM,CRM,5,0.1018
ARM,PLTR,1,0.0148
ARM,PLTR,2,-0.0039
ARM,PLTR,3,-0.1161
ARM,PLTR,4,-0.0205
ARM,PLTR,5,0.0156
ARM,AI,1,-0.038
ARM,AI,2,0.1023
ARM,AI,3,-0.0704
ARM,AI,4,0.0567
ARM,AI,5,0.0609
ARM,SNOW,1,0.1157
ARM,SNOW,2,0.0478
ARM,SNOW,3,0.0108
ARM,SNOW,4,-0.0613
ARM,SNOW,5,0.0552
ARM,IBM,1,-0.0231
ARM,IBM,2,0.0224
ARM,IBM,3,-0.1734
ARM,IBM,4,0.03
ARM,IBM,5,-0.0545
ARM,SMCI,1,-0.0132
ARM,SMCI,2,0.0213
ARM,SMCI,3,-0.1449
ARM,SMCI,4,0.0761
ARM,SMCI,5,0.027
ARM,ORCL,1,0.0095
ARM,ORCL,2,0.0346
ARM,ORCL,3,0.0182
ARM,ORCL,4,-0.0041
ARM,ORCL,5,0.0382
ARM,AMD,1,-0.04
ARM,AMD,2,0.0416
ARM,AMD,3,0.0041
ARM,AMD,4,0.0819
ARM,AMD,5,0.0946
ARM,INTC,1,-0.0674
ARM,INTC,2,0.0133
ARM,INTC,3,-0.0214
ARM,INTC,4,-0.012
ARM,INTC,5,0.1376
ARM,TSM,1,-0.0386
ARM,TSM,2,-0.0232
ARM,TSM,3,-0.0617
ARM,TSM,4,0.0837
ARM,TSM,5,0.0391
ARM,AVGO,1,-0.0554
ARM,AVGO,2,-0.0504
ARM,AVGO,3,-0.0266
ARM,AVGO,4,-0.0115
ARM,AVGO,5,-0.0051
ARM,QCOM,1,-0.022
ARM,QCOM,2,0.0286
ARM,QCOM,3,0.0472
ARM,QCOM,4,0.1929
ARM,QCOM,5,0.0901
ARM,TXN,1,0.0588
ARM,TXN,2,-0.1086
ARM,TXN,3,-0.0122
ARM,TXN,4,0.0875
ARM,TXN,5,0.0681
ARM,MU,1,-0.0481
ARM,MU,2,-0.0199
ARM,MU,3,-0.0188
ARM,MU,4,-0.0588
ARM,MU,5,0.0547
ARM,MRVL,1,-0.0183
ARM,MRVL,2,-0.0243
ARM,MRVL,3,-0.0959
ARM,MRVL,4,0.04
ARM,MRVL,5,-0.007
ARM,ASML,1,-0.0934
ARM,ASML,2,-0.1114
ARM,ASML,3,-0.033
ARM,ASML,4,0.0356
ARM,ASML,5,0.0525
ASML,NVDA,1,-0.0016
ASML,NVDA,2,0.0027
ASML,NVDA,3,-0.0116
ASML,NVDA,4,-0.025
ASML,NVDA,5,0.075
ASML,MSFT,1,0.1019
ASML,MSFT,2,0.0242
ASML,MSFT,3,-0.0782
ASML,MSFT,4,0.0198
ASML,MSFT,5,0.1086
ASML,GOOGL,1,-0.1045
ASML,GOOGL,2,-0.0537
ASML,GOOGL,3,-0.0595
ASML,GOOGL,4,-0.0023
ASML,GOOGL,5,0.0624
ASML,META,1,-0.039
ASML,META,2,-0.0213
ASML,META,3,-0.0721
ASML,META,4,0.013
ASML,META,5,0.1188
ASML,AMZN,1,0.017
ASML,AMZN,2,0.0561
ASML,AMZN,3,-0.0641
ASML,AMZN,4,0.0151
ASML,AMZN,5,0.0525
ASML,CRM,1,0.0319
ASML,CRM,2,0.0563
ASML,CRM,3,-0.0035
ASML,CRM,4,0.0062
ASML,CRM,5,0.1124
ASML,PLTR,1,0.0003
ASML,PLTR,2,0.019
ASML,PLTR,3,-0.0248
ASML,PLTR,4,-0.0872
ASML,PLTR,5,0.0447
ASML,AI,1,-0.086
ASML,AI,2,0.0334
ASML,AI,3,-0.1179
ASML,AI,4,0.0448
ASML,AI,5,0.0864
ASML,SNOW,1,0.0593
ASML,SNOW,2,0.0196
ASML,SNOW,3,-0.037
ASML,SNOW,4,-0.0337
ASML,SNOW,5,0.0142
ASML,IBM,1,-0.0067
ASML,IBM,2,0.0774
ASML,IBM,3,-0.0998
ASML,IBM,4,0.0289
ASML,IBM,5,0.1727
ASML,SMCI,1,0.0304
ASML,SMCI,2,0.0933
ASML,SMCI,3,-0.0569
ASML,SMCI,4,0.0521
ASML,SMCI,5,0.0322
ASML,ORCL,1,0.0666
ASML,ORCL,2,0.0728
ASML,ORCL,3,-0.0414
ASML,ORCL,4,-0.0104
ASML,ORCL,5,0.1346
ASML,AMD,1,-0.0134
ASML,AMD,2,0.0564
ASML,AMD,3,-0.0107
ASML,AMD,4,0.0001
ASML,AMD,5,0.0409
ASML,INTC,1,-0.0981
ASML,INTC,2,0.0608
ASML,INTC,3,0.1037
ASML,INTC,4,0.0001
ASML,INTC,5,0.0391
ASML,TSM,1,-0.0597
ASML,TSM,2,0.0272
ASML,TSM,3,-0.0753
ASML,TSM,4,-0.0294
ASML,TSM,5,0.0572
ASML,AVGO,1,-0.0745
ASML,AVGO,2,-0.0819
ASML,AVGO,3,-0.0397
ASML,AVGO,4,-0.1305
ASML,AVGO,5,0.028
ASML,QCOM,1,-0.0208
ASML,QCOM,2,0.1058
ASML,QCOM,3,0.0186
ASML,QCOM,4,0.0567
ASML,QCOM,5,-0.0376
ASML,TXN,1,-0.0124
ASML,TXN,2,0.0851
ASML,TXN,3,0.06
ASML,TXN,4,0.0887
ASML,TXN,5,0.0487
ASML,MU,1,-0.04
ASML,MU,2,0.0565
ASML,MU,3,0.0687
ASML,MU,4,-0.0491
ASML,MU,5,0.0176
ASML,MRVL,1,-0.0773
ASML,MRVL,2,0.088
ASML,MRVL,3,-0.0844
ASML,MRVL,4,-0.0867
ASML,MRVL,5,-0.0367
ASML,ARM,1,-0.0464
ASML,ARM,2,-0.0448
ASML,ARM,3,-0.0507
ASML,ARM,4,0.0254
ASML,ARM,5,0.0196
